,avg_memory_usage,iteration,max_cpu_usage,max_memory_usage,normalized_test,test_time,time_taken
0,28622848.0,0,76978091,28651520,20.03044843673706,0.4917442798614502,20.52219271659851
1,28552192.0,1,77243865,28594176,20.344047784805298,0.5091919898986816,20.85323977470398
