,avg_memory_usage,iteration,max_cpu_usage,max_memory_usage,normalized_test,test_time,time_taken
0,44298854.4,0,75218221,44433408,20.066741704940796,0.5228683948516846,20.58961009979248
1,44294144.0,1,77367343,44412928,19.997975945472717,0.509579062461853,20.50755500793457
