,avg_memory_usage,iteration,max_cpu_usage,max_memory_usage,normalized_test,test_time,time_taken
0,1088330711.04,0,50144000459,1173106688,50.96227836608887,0.5356695652008057,51.49794793128967
1,1073360732.16,1,49464574733,1173090304,49.91032600402832,0.5143680572509766,50.4246940612793
