,avg_memory_usage,iteration,max_cpu_usage,max_memory_usage,normalized_test,test_time,time_taken
0,0.0,0,0.0,0,0.6665951013565063,0.5805810689926147,1.247176170349121
1,65429504.0,1,315958319.0,65429504,0.9440178871154785,0.48310399055480957,1.427121877670288
