,avg_memory_usage,iteration,max_cpu_usage,max_memory_usage,normalized_test,test_time,time_taken
0,72269824.0,0,5407151326,78708736,5.937641143798828,0.44203686714172363,6.379678010940552
1,72143530.66666667,1,5478238266,76722176,5.915197849273682,0.5305202007293701,6.445718050003052
