,avg_memory_usage,iteration,max_cpu_usage,max_memory_usage,normalized_test,test_time,time_taken
0,1140415208.7272727,0,21564867068,1708298240,22.0072181224823,0.5203218460083008,22.5275399684906
1,1139527680.0,1,21551123108,1708253184,21.98887264728546,0.5248864889144897,22.51375913619995
